number,human
2,0
3,0
5,0
7,1
8,1
9,1
10,0
11,1
12,1
13,0
14,0
15,1
16,1
17,0
18,1
19,0
20,1
21,1
22,0
23,0
24,0
25,1
26,1
27,1
28,0
29,0
30,0
31,0
32,1
33,1
34,0
38,0
39,0
40,1
41,1
42,0
43,0
48,0
49,1
54,0
55,0
56,1
57,1
58,1
59,0
60,0
61,1
62,1
63,0
64,1
65,1
66,0
67,1
68,1
69,0
70,1
71,1
72,1
73,1
74,0
75,1
76,1
77,1
78,1
79,1
80,1
81,0
82,1
83,1
84,1
85,1
86,1
87,1
88,1
89,1
90,1
91,1
92,1
93,1
94,1
95,1
96,1
97,1
98,1
99,1
100,1
101,1
102,1
103,1
104,1
105,1
106,1
107,1
108,1
109,1
110,0
111,0
112,1
113,0
114,0
116,0
117,0
118,0
119,0
120,0
121,0
122,0
123,0
124,1
125,0
126,0
127,1
128,0
129,0
130,1
131,0
132,0
133,0
134,0
135,0
136,0
137,0
138,0
139,0
140,0
144,0
146,0
147,0
148,0
149,0
150,1
151,1
152,1
154,0
155,0
156,0
157,0
158,0
159,0
160,0
161,0
162,0
163,0
164,0
165,0
166,0
167,1
168,1
169,1
170,0
171,0
172,0
173,0
174,0
175,0
176,0
177,0
178,0
179,0
180,0
181,0
182,0
183,1
184,0
185,0
186,0
187,0
188,0
189,0
190,0
191,0
192,0
193,0
194,0
195,0
197,0
198,0
199,0
200,0
201,0
202,0
203,0
204,0
205,0
206,0
207,0
208,0
209,0
212,0
213,0
214,0
215,0
216,0
217,0
218,1
220,0
221,0
222,0
225,0
226,0
230,0
232,0
235,0
238,0
239,0
240,0
241,0
242,0
245,0
246,0
247,0
248,0
249,0
250,0
251,0
252,0
255,0
256,0
257,0
258,0
259,0
260,0
261,0
262,0
263,0
264,0
266,0
267,0
268,0
269,0
270,0
271,0
272,0
274,0
275,0
276,0
277,0
278,0
279,0
280,0
282,0
284,0
285,0
286,0
287,0
288,0
289,0
290,0
291,0
292,0
293,0
294,1
295,0
296,0
297,0
299,0
300,0
302,0
303,0
304,0
305,0
306,0
307,0
308,0
309,0
310,0
311,0
312,0
313,0
314,0
315,0
316,0
317,0
318,0
319,0
320,0
321,0
322,0
323,0
324,0
325,0
326,0
327,0
328,0
329,0
330,0
331,0
332,0
333,0
334,1
335,0
336,1
337,1
338,0
339,0
340,0
341,1
342,0
343,0
344,0
345,0
346,0
347,0
348,1
349,1
350,0
351,0
352,0
353,0
354,0
355,0
356,0
357,0
358,0
359,0
360,0
361,0
362,1
363,1
364,0
365,0
366,0
367,0
368,0
369,0
370,0
371,1
372,0
373,0
374,0
375,0
376,0
377,1
378,0
379,0
380,0
381,0
382,0
383,0
384,0
385,0
386,0
387,0
388,0
389,0
390,0
391,0
392,0
393,0
394,0
395,0
396,0
397,0
398,0
399,0
400,0
401,0
402,0
403,0
404,0
405,0
406,0
407,0
408,0
409,0
410,0
411,0
412,0
413,0
414,0
415,0
416,0
417,0
418,0
419,0
420,0
421,0
422,0
423,0
424,0
425,0
426,0
427,0
428,0
429,0
430,0
431,0
432,0
433,0
436,1
437,1
438,1
439,1
440,0
441,1
442,1
443,0
444,0
447,0
448,0
449,1
450,0
451,1
452,0
453,0
454,0
455,0
456,0
457,0
458,0
459,1
460,1
461,0
462,0
463,0
464,0
465,0
466,0
467,0
468,0
469,1
470,0
471,0
472,1
473,0
474,0
475,0
476,0
477,0
478,0
479,0
480,0
481,1
482,0
483,1
484,0
485,0
486,0
487,0
488,0
489,0
490,0
491,0
492,0
493,0
494,0
495,0
496,0
499,0
500,0
501,1
502,1
503,1
504,0
505,1
506,0
507,1
508,1
509,0
510,1
511,0
512,0
513,0
514,1
515,1
516,1
517,1
518,1
519,1
520,1
521,1
522,1
523,1
524,0
525,1
526,0
527,1
528,1
529,0
530,1
531,0
532,0
533,1
534,0
535,0
536,1
537,1
538,1
539,1
540,1
541,1
542,1
543,1
544,1
545,1
546,0
547,1
548,1
549,1
550,0
551,1
552,1
553,1
554,1
555,1
556,1
557,1
558,0
559,1
560,1
561,1
562,0
563,0
564,1
565,1
566,1
567,0
568,1
569,1
570,1
571,1
572,1
573,1
574,1
575,1
576,1
577,0
578,0
579,0
580,0
581,0
582,0
583,0
584,0
585,0
586,0
587,0
588,0
589,1
590,0
591,0
592,0
593,0
594,0
595,0
596,0
597,0
598,0
599,1
600,0
601,1
602,0
603,0
604,1
605,0
606,0
607,0
608,0
609,0
610,1
611,0
612,0
613,0
614,0
615,0
616,0
617,0
618,0
619,0
620,0
621,0
622,0
623,1
624,0
625,0
626,0
627,0
628,0
629,1
630,0
631,0
632,0
633,1
634,0
635,0
636,0
637,0
638,0
639,0
640,0
641,0
642,0
643,0
644,0
645,0
646,0
647,0
648,1
649,0
650,0
651,0
652,0
653,0
654,0
655,0
656,0
657,0
658,0
659,0
660,0
661,0
662,0
663,0
664,0
665,0
666,0
667,0
668,0
669,0
670,0
671,0
672,0
673,0
674,0
675,0
676,0
677,0
678,0
679,0
680,0
681,0
682,1
683,1
684,0
685,0
686,0
687,1
688,0
689,1
690,0
691,0
692,1
693,0
694,0
695,0
696,0
697,0
698,0
699,0
700,0
701,0
702,0
703,0
704,0
705,0
706,1
707,0
708,0
709,0
710,0
711,0
712,0
713,0
714,0
715,0
716,0
717,0
718,1
719,0
720,0
721,0
722,0
723,0
724,0
725,0
726,0
727,0
728,0
729,1
730,0
731,0
732,0
733,0
734,0
735,0
736,0
737,0
738,0
739,0
740,0
741,1
742,0
743,0
744,0
745,0
746,0
747,0
748,1
749,0
750,1
751,0
752,1
753,0
754,1
755,0
756,0
757,0
758,0
759,0
760,0
761,0
762,0
763,0
764,0
765,0
766,0
767,1
768,1
769,1
770,1
771,1
772,1
773,1
774,1
775,1
776,1
777,1
778,1
779,1
780,1
781,1
782,0
783,0
784,1
785,1
786,1
787,1
788,0
789,0
790,0
791,0
792,0
793,0
794,0
795,0
796,0
797,0
798,0
799,0
800,1
801,0
802,0
803,0
804,0
805,0
806,0
807,0
808,0
809,0
810,0
811,0
812,0
813,0
814,1
815,0
816,0
817,0
818,0
819,0
820,0
821,0
822,0
823,0
824,0
825,0
826,1
827,0
828,1
829,0
830,0
831,0
832,0
833,0
834,0
835,0
836,0
837,0
838,0
839,0
840,0
841,1
842,0
843,0
844,1
845,0
846,0
847,1
848,1
849,0
850,0
851,0
852,0
853,0
854,0
855,0
856,0
857,0
858,0
859,0
860,0
861,0
862,1
863,0
864,0
865,0
866,0
867,0
868,0
869,0
870,0
871,0
872,0
873,0
874,0
875,0
876,1
877,0
878,0
879,0
880,0
881,0
882,0
883,0
884,1
885,1
886,0
887,0
888,0
889,0
890,0
891,0
892,0
893,0
894,0
895,0
896,0
897,1
898,0
899,0
900,0
901,0
902,0
903,0
904,1
905,0
906,0
907,0
908,0
909,1
910,0
911,0
912,0
913,0
914,0
915,0
916,0
917,0
918,0
919,0
920,0
921,0
922,0
923,1
924,0
925,0
926,0
927,0
928,0
929,0
930,0
931,0
932,0
933,0
934,0
935,1
936,0
937,0
938,0
939,0
940,0
941,0
942,0
943,0
944,0
945,0
946,1
947,0
948,0
949,1
950,0
951,0
952,1
953,0
954,0
955,1
956,0
957,0
958,0
959,0
960,0
961,0
962,0
963,1
964,0
965,0
966,1
967,0
968,0
969,0
970,1
971,0
972,0
973,0
974,1
975,0
976,0
977,0
978,0
979,0
980,0
981,0
982,0
983,1
984,0
985,0
986,0
987,0
988,0
989,1
990,0
991,0
992,0
993,0
994,0
995,1
996,0
997,0
998,1
999,0
1000,0
1001,0
1002,1
1003,0
1004,0
1005,0
1006,0
1007,0
1008,0
1009,0
1010,0
1011,0
1012,1
1013,1
1014,0
1015,0
1016,0
1017,0
1018,0
1019,0
1020,1
1021,0
1022,0
1023,0
1024,0
1025,0
1026,1
1027,0
1028,0
1029,0
1030,0
1031,1
1032,0
1033,0
1034,0
1035,0
1036,0
1037,1
1038,0
1039,0
1040,0
1041,0
1042,0
1043,0
1044,0
1045,0
1046,0
1047,0
1048,1
1049,0
1050,1
1051,1
1052,0
1053,0
1054,0
1055,0
1056,0
1057,0
1058,1
1059,0
1060,0
1061,0
1062,0
1063,1
1064,0
1065,0
1066,0
1067,0
1068,0
1069,0
1070,0
1071,0
1072,0
1073,0
1074,0
1075,1
1076,0
1077,0
1078,0
1079,0
1080,0
1081,0
1082,0
1083,0
1084,0
1085,0
1086,0
1087,1
1088,0
1089,0
1090,0
1091,0
1092,0
1093,0
1094,0
1095,0
1096,0
1097,0
1098,1
1099,0
1100,0
1101,0
1102,0
1103,0
1104,0
1105,0
1106,0
1107,0
1108,0
1109,0
1110,0
1111,0
1112,0
1113,0
1114,0
1115,0
1116,1
1117,0
1118,0
1119,0
1120,0
1121,0
1122,0
1123,0
1124,0
1125,0
1126,0
1127,0
1128,0
1129,0
1130,0
1131,0
1132,0
1133,0
1134,0
1135,0
1136,0
1137,0
1138,0
1139,1
1140,0
1141,0
1142,0
1143,0
1144,0
1145,0
1146,0
1147,0
1148,0
1149,0
1150,0
1151,1
1152,0
1153,0
1154,0
1155,0
1156,0
1157,0
1158,0
1159,0
1160,0
1161,0
1162,1
1163,0
1164,0
1165,0
1166,0
1167,0
1168,0
1169,0
1170,0
1171,0
1172,0
1173,0
1174,1
1175,1
1176,0
1177,0
1178,0
1179,0
1180,0
1181,0
1182,0
1183,0
1184,0
1185,0
1186,0
1187,0
1188,0
1189,1
1190,0
1191,0
1192,0
1193,0
1194,0
1195,0
1196,0
1197,0
1198,0
1199,0
1200,1
1201,0
1202,0
1203,0
1204,1
1205,0
1206,0
1207,0
1208,0
1209,0
1210,0
1211,0
1212,0
1213,0
1214,1
1215,0
1216,0
1217,0
1218,0
1219,0
1220,0
1221,0
1222,0
1223,0
1224,0
1225,0
1226,0
1227,0
1228,0
1229,1
1230,0
1231,0
1232,0
1233,0
1234,0
1235,0
1236,0
1237,0
1238,1
1239,0
1240,0
1241,0
1242,0
1243,0
1244,0
1245,0
1246,0
1247,0
1248,0
1249,0
1250,0
1251,0
1252,1
1253,0
1254,0
1255,0
1256,0
1257,0
1258,0
1259,0
1260,0
1261,0
1262,1
1263,0
1264,0
1265,0
1266,0
1267,0
1268,0
1269,0
1270,0
1271,0
1272,0
1273,0
1274,1
1275,1
1276,0
1277,0
1278,0
1279,0
1280,0
1281,1
1282,0
1283,0
1284,1
1285,0
1286,0
1287,0
1288,0
1289,0
1290,0
1291,0
1292,0
1293,0
1294,0
1295,0
1296,0
1297,0
1298,0
1299,0
1300,0
1301,1
1302,0
1303,0
1304,0
1305,0
1306,0
1307,1
1308,0
1309,0
1310,0
1311,0
1312,0
1313,0
1314,0
1315,1
1316,1
1317,0
1318,0
1319,0
1320,0
1321,1
1322,0
1323,0
1324,0
1325,0
1326,0
1327,0
1328,0
1329,0
1330,0
1331,0
1332,0
1333,1
1334,0
1335,1
1336,1
1337,1
1338,0
1339,0
1340,0
1341,0
1342,0
1343,0
1344,1
1345,1
1346,0
1347,0
1348,0
1349,0
1350,0
1351,0
1352,1
1353,0
1354,1
1355,0
1356,0
1357,0
1358,0
1359,0
1360,0
1361,1
1362,1
1363,0
1364,0
1365,0
1366,0
1367,1
1368,0
1369,0
1370,1
1371,1
1372,0
1373,0
1374,0
1375,0
1376,0
1377,0
1378,1
1379,1
1380,0
1381,1
1382,0
1383,0
1384,1
1385,1
1386,0
1387,0
1388,0
1389,0
1390,0
1391,0
1392,0
1393,0
1394,0
1395,0
1396,0
1397,0
1398,0
1399,0
1400,0
1401,1
1402,0
1403,0
1404,1
1405,0
1406,0
1407,0
1408,0
1409,0
1410,0
1411,0
1412,0
1413,0
1414,0
1415,0
1416,0
1417,0
1418,0
1419,0
1420,0
1421,0
1422,1
1423,0
1424,0
1425,1
1426,1
1427,0
1428,1
1429,0
1430,1
1431,0
1432,0
1433,0
1434,0
1435,0
1436,0
1437,0
1438,0
1439,0
1440,0
1441,0
1442,0
1443,1
1444,1
1445,1
1446,0
1447,1
1448,0
1449,0
1450,0
1451,0
1452,1
1453,0
1454,1
1455,0
1456,0
1457,0
1458,0
1459,0
1460,0
1461,0
1462,0
1463,0
1464,0
1465,0
1466,0
1467,0
1468,0
1469,0
1470,0
1471,0
1472,0
1473,0
1474,0
1475,0
1476,0
1477,1
1478,0
1479,1
1480,0
1481,0
1482,0
1483,0
1484,0
1485,0
1486,0
1487,0
1488,0
1489,0
1490,0
1491,0
1492,0
1493,0
1494,0
1495,0
1496,0
1497,0
1498,0
1499,0
1500,0
1501,0
1502,0
1503,0
1504,0
1505,0
1506,0
1507,0
1508,0
1509,0
1510,0
1511,0
1512,0
1513,0
1514,0
1515,0
1516,0
1517,0
1518,0
1519,0
1520,0
1521,0
1522,1
1523,0
1524,0
1525,1
1526,0
1527,0
1528,0
1529,0
1530,0
1531,0
1532,0
1533,0
1534,0
1535,0
1536,0
1537,0
1538,0
1539,1
1540,0
1541,0
1542,0
1543,0
1544,0
1545,0
1546,0
1547,0
1548,1
1549,1
1550,0
1551,0
1552,0
1553,0
1554,0
1555,0
1556,0
1557,0
1558,0
1559,0
1560,0
1561,1
1562,0
1563,0
1564,0
1565,0
1566,0
1567,0
1568,0
1569,0
1570,0
1571,0
1572,0
1573,1
1574,0
1575,0
1576,0
1577,0
1578,0
1579,0
1580,0
1581,0
1582,0
1583,0
1584,1
1585,0
1586,0
1587,0
1588,0
1589,0
1590,0
1591,0
1592,0
1593,0
1594,0
1595,0
1596,0
1597,1
1598,0
1599,0
1600,0
1601,0
1602,0
1603,0
1604,0
1605,0
1606,0
1607,0
1608,1
1609,0
1610,0
1611,0
1612,0
1613,0
1614,0
1615,0
1616,0
1617,0
1618,0
1619,0
1620,0
1621,1
1622,0
1623,0
1624,0
1625,0
1626,0
1627,0
1628,0
1629,0
1630,0
1631,0
1632,0
1633,1
1634,0
1635,0
1636,0
1637,1
1638,1
1639,0
1640,0
1641,0
1642,0
1643,0
1644,0
1645,0
1646,1
1647,0
1648,0
1649,0
1650,0
1651,0
1652,0
1653,0
1654,0
1655,0
1656,0
1657,1
1658,0
1659,0
1660,0
1661,0
1662,0
1663,0
1664,0
1665,0
1666,0
1667,0
1668,0
1669,0
1670,0
1671,0
1672,0
1673,0
1674,0
1675,0
1676,0
1677,0
1678,0
1679,0
1680,0
1681,0
1682,1
1683,0
1684,0
1685,0
1686,0
1687,0
1688,0
1689,0
1690,0
1691,0
1692,0
1693,0
1694,1
1695,0
1696,0
1697,0
1698,0
1699,0
1700,0
1701,0
1702,0
1703,0
1704,0
1705,0
1706,0
1707,1
1708,0
1709,0
1710,0
1711,0
1712,0
1713,0
1714,0
1715,0
1716,0
1717,0
1718,0
1719,0
1720,0
1721,0
1722,0
1723,0
1724,0
1725,0
1726,0
1727,0
1728,0
1729,0
1730,0
1731,1
1732,0
1733,0
1734,0
1735,0
1736,0
1737,0
1738,0
1739,0
1740,0
1741,0
1742,1
1743,0
1744,0
1745,0
1746,1
1747,0
1748,0
1749,0
1750,0
1751,0
1752,0
1753,0
1754,0
1755,0
1756,1
1757,0
1758,0
1759,0
1760,0
1761,0
1762,0
1763,0
1764,0
1765,0
1766,0
1767,1
1768,0
1769,1
1770,1
1771,1
1772,1
1773,1
1774,1
1775,1
1776,1
1777,1
1778,1
1779,1
1780,1
1781,0
1782,1
1783,0
1784,1
1785,1
1786,1
1787,0
1788,0
1789,0
1790,1
1791,1
1792,0
1793,0
1794,0
1795,0
1796,0
1797,0
1798,0
1799,0
1800,0
1801,0
1802,0
1803,0
1804,0
1805,0
1806,0
1807,0
1808,0
1809,0
1810,0
1811,0
1812,0
1813,0
1814,0
1815,0
1816,1
1817,0
1818,0
1819,0
1820,0
1821,0
1822,0
1823,0
1824,0
1825,0
1826,0
1827,0
1828,0
1829,0
1830,0
1831,1
1832,0
1833,0
1834,0
1835,0
1836,0
1837,0
1838,0
1839,0
1840,0
1841,0
1842,0
1843,1
1844,0
1845,0
1846,0
1847,0
1848,0
1849,0
1850,0
1851,0
1852,0
1853,0
1854,0
1855,0
1856,0
1857,1
1858,1
1859,1
1860,1
1861,1
1862,0
1863,0
1864,1
1865,1
1866,0
1867,1
1868,1
1869,1
1870,1
1871,0
1872,1
1873,1
1874,1
1875,1
1876,1
1877,1
1878,1
1879,0
1880,0
1881,0
1882,0
1883,1
1884,1
1885,1
1886,1
1887,1
1888,1
1889,1
1890,1
1891,1
1892,1
1893,1
1894,1
1895,1
1896,1
1897,1
1898,1
1899,1
1900,1
1901,0
1902,1
1903,1
1904,0
1905,1
1906,1
1907,1
1908,1
1909,0
1910,0
1911,1
1912,0
1913,1
1914,1
1915,1
1916,1
1917,1
1918,1
1919,1
1920,1
1921,0
1922,1
1923,1
1924,1
1925,1
1926,1
1927,1
1928,0
1929,1
1930,1
1931,1
1932,1
1933,1
1934,1
1935,1
1936,0
1937,1
1938,1
1939,1
1940,1
1941,1
1942,1
1943,1
1944,1
1945,1
1946,0
1947,1
1948,1
1949,1
1950,1
1951,1
1952,1
1953,1
1954,0
1955,1
1956,1
1957,1
1958,1
1959,1
1960,1
1961,1
1962,1
1963,1
1964,1
1965,1
1966,1
1967,0
1968,0
1969,1
1970,0
1971,0
1972,1
1973,0
1974,0
1975,0
1976,1
1977,0
1978,0
1979,1
1980,0
1981,0
1982,0
1983,0
1984,0
1985,0
1986,0
1987,0
1988,0
1989,0
1990,0
1991,0
1992,0
1993,0
1994,1
1995,0
1996,0
1997,0
1998,0
1999,0
2000,0
2001,0
2002,0
2003,0
2004,0
2005,1
2006,0
2007,0
2008,0
2009,0
2010,0
2011,0
2012,0
2013,0
2014,0
2015,0
2016,0
2017,0
2018,1
2019,0
2020,0
2021,0
2022,0
2023,0
2024,0
2025,0
2026,0
2027,0
2028,0
2029,0
2030,1
2031,0
2032,0
2033,1
2034,0
2035,0
2036,0
2037,0
2038,0
2039,0
2040,0
2041,0
2042,0
2043,0
2044,0
2045,1
2046,0
2047,0
2048,0
2049,0
2050,0
2051,0
2052,0
2053,0
2054,0
2055,0
2056,1
2057,0
2058,0
2059,0
2060,0
2061,1
2062,0
2063,0
2064,1
2065,0
2066,0
2067,0
2068,0
2069,1
2070,0
2071,0
2072,0
2073,0
2074,0
2075,0
2076,0
2077,0
2078,0
2079,0
2080,0
2081,0
2082,0
2083,0
2084,0
2085,0
2086,0
2087,0
2088,0
2089,1
2090,0
2091,0
2092,1
2093,0
2094,0
2095,0
2096,1
2097,0
2098,0
2099,0
2100,0
2101,0
2102,0
2103,0
2104,0
2105,0
2106,0
2107,0
2108,0
2109,0
2110,0
2111,0
2112,0
2113,0
2114,1
2115,0
2116,0
2117,0
2118,0
2119,0
2120,0
2121,0
2122,0
2123,0
2124,0
2125,1
2126,0
2127,0
2128,0
2129,0
2130,0
2131,0
2132,0
2133,0
2134,0
2135,0
2136,1
2137,0
2138,0
2139,0
2140,0
2141,0
2142,0
2143,0
2144,0
2145,0
2146,0
2147,0
2148,0
2149,1
2150,0
2151,0
2152,0
2153,0
2154,0
2155,1
2156,1
2157,0
2158,0
2159,0
2160,0
2161,0
2162,0
2163,0
2164,0
2165,0
2166,0
2167,0
2168,0
2169,0
2170,0
2171,0
2172,0
2173,0
2174,1
2175,0
2176,0
2177,0
2178,0
2179,0
2180,0
2181,0
2182,0
2183,0
2184,0
2185,1
2186,0
2187,0
2188,0
2189,0
2190,0
2191,0
2192,0
2193,0
2194,0
2195,0
2196,0
2197,0
2198,1
2199,0
2200,0
2201,0
2202,0
2203,0
2204,0
2205,0
2206,0
2207,0
2208,0
2209,0
2210,0
2211,0
2212,0
2213,0
2214,0
2215,0
2216,0
2217,0
2218,0
2219,0
2220,0
2221,0
2222,1
2223,0
2224,0
2225,0
2226,0
2227,0
2228,0
2229,0
2230,0
2231,0
2232,0
2233,0
2234,1
2235,0
2236,0
2237,0
2238,0
2239,0
2240,0
2241,0
2242,0
2243,0
2244,0
2245,1
2246,0
2247,0
2248,0
2249,0
2250,0
2251,0
2252,0
2253,0
2254,0
2255,0
2256,0
2257,0
2258,0
2259,0
2260,0
2261,0
2262,0
2263,0
2264,0
2265,0
2266,0
2267,0
2268,0
2269,0
2270,0
2271,1
2272,0
2273,0
2274,0
2275,0
2276,0
2277,0
2278,0
2279,0
2280,0
2281,0
2282,1
2283,0
2284,0
2285,0
2286,0
2287,0
2288,0
2289,0
2290,0
2291,0
2292,0
2293,0
2294,1
2295,0
2296,0
2297,0
2298,0
2299,0
2300,0
2301,0
2302,0
2303,0
2304,0
2305,0
2306,0
2307,0
2308,0
2309,0
2310,0
2311,0
2312,0
2313,0
2314,0
2315,0
2316,0
2317,1
2318,0
2319,0
2320,0
2321,0
2322,0
2323,0
2324,0
2325,0
2326,0
2327,0
2328,0
2329,0
2330,1
2331,0
2332,0
2333,0
2334,0
2335,0
2336,0
2337,0
2338,0
2339,0
2340,0
2341,0
2342,1
2343,0
2344,0
2345,0
2346,0
2347,0
2348,0
2349,0
2350,0
2351,0
2352,0
2353,0
2354,1
2355,0
2356,0
2357,0
2358,0
2359,0
2360,0
2361,0
2362,0
2363,0
2364,0
2365,1
2366,0
2367,0
2368,0
2369,0
2370,0
2371,0
2372,0
2373,0
2374,0
2375,0
2376,1
2377,0
2378,0
2379,0
2380,0
2381,0
2382,1
2383,0
2384,0
2385,0
2386,0
2387,0
2388,0
2389,0
2390,1
2391,0
2392,0
2393,0
2394,0
2395,0
2396,0
2397,0
2398,0
2399,1
2400,0
2401,0
2402,0
2403,1
2404,1
2405,0
2406,0
2407,0
2408,0
2409,0
2410,1
2411,0
2412,0
2413,0
2414,0
2415,0
2416,0
2417,0
2418,0
2419,0
2420,0
2421,0
2422,0
2423,0
2424,0
2425,0
2426,0
2427,1
2428,1
2429,0
2430,0
2431,0
2432,0
2433,0
2434,0
2435,1
2436,0
2437,0
2438,0
2439,0
2440,0
2441,1
2442,1
2443,0
2444,0
2445,0
2446,0
2447,0
2448,0
2449,0
2450,1
2451,1
2452,1
2453,1
2454,1
2455,1
2456,1
2457,1
2458,1
2459,1
2460,1
2461,1
2462,1
2463,1
2464,1
2465,1
2466,1
2467,1
2468,1
2469,1
2470,1
2471,1
2472,1
2473,1
2474,1
2475,1
2476,1
2477,0
2478,0
2479,1
2480,1
2481,1
2482,1
2483,1
2484,1
2485,1
2486,1
2487,1
2488,1
2489,1
2490,1
2491,1
2492,1
2493,0
2494,0
2495,0
2496,1
2497,1
2498,1
2499,1
2500,1
2501,1
2502,1
2503,1
2504,1
2505,1
2506,1
2507,1
2508,1
2509,1
2510,1
2511,1
2512,1
2513,1
2514,1
2515,1
2516,1
2517,1
2518,1
2519,1
2520,1
2521,1
2522,1
2523,1
2524,1
2525,1
2526,1
2527,1
2528,0
2529,1
2530,1
2531,1
2532,1
2533,1
2534,1
2535,1
2536,1
2537,1
2538,1
2539,1
2540,1
2541,1
2542,1
2543,1
2544,1
2545,1
2546,1
2547,1
2548,1
2549,1
2550,1
2551,1
2552,0
2553,0
2554,0
2555,0
2556,0
2557,0
2558,0
2559,0
2560,0
2561,1
2562,1
2563,0
2564,0
2565,1
2566,1
2567,1
2568,1
2569,1
2570,1
2571,1
2572,1
2573,1
2574,1
2575,1
2576,1
2577,1
2578,1
2579,1
2580,1
2581,1
2582,1
2583,1
2584,0
2585,1
2586,0
2587,0
2588,0
2589,1
2590,1
2591,0
2592,0
2593,0
2594,0
2595,0
2596,0
2597,0
2598,0
2599,0
2600,0
2601,0
2602,0
2603,0
2604,0
2605,0
2606,0
2607,0
2608,0
2609,0
2610,1
2611,0
2612,0
2613,0
2616,0
2617,0
2618,0
2619,0
2620,0
2621,0
2622,0
2623,0
2624,0
2625,0
2626,0
2627,0
2628,0
2629,0
2630,0
2631,0
2632,0
2633,0
2634,0
2635,0
2636,0
2637,1
2638,0
2639,0
2640,0
2641,0
2642,0
2643,0
2644,0
2645,0
2646,0
2647,0
2648,0
2649,1
2650,0
2651,0
2652,0
2653,0
2654,0
2655,0
2656,0
2657,0
2658,0
2659,0
2660,1
2661,0
2662,0
2663,0
2664,0
2665,0
2666,0
2667,0
2668,0
2669,0
2670,0
2671,0
2672,0
2673,0
2674,0
2675,0
2676,1
2677,0
2678,0
2679,0
2680,0
2681,0
2682,0
2683,0
2684,0
2685,0
2686,1
2687,0
2688,0
2689,0
2690,0
2691,0
2692,1
2693,0
2694,0
2695,0
2696,0
2697,0
2698,0
2699,0
2700,0
2701,0
2702,0
2703,1
2704,0
2705,0
2706,0
2707,0
2708,0
2709,0
2710,0
2711,0
2712,0
2713,0
2714,0
2715,1
2716,0
2717,0
2718,0
2719,0
2720,0
2721,0
2722,0
2723,0
2724,0
2725,0
2726,0
2727,1
2728,1
2729,1
2730,0
2731,1
2732,1
2733,1
2734,0
2735,0
2736,0
2737,0
2738,0
2739,0
2740,0
2741,0
2742,0
2743,0
2744,0
2745,1
2746,0
2747,0
2748,0
2749,0
2750,0
2751,0
2752,0
2753,0
2754,0
2755,0
2756,0
2757,1
2758,0
2759,0
2760,0
2761,0
2762,0
2763,0
2764,0
2765,1
2766,0
2767,0
2768,0
2769,0
2770,0
2771,0
2772,0
2773,0
2774,0
2775,0
2776,0
2777,1
2778,0
2779,0
2780,0
2781,0
2782,0
2783,0
2784,0
2785,0
2786,0
2787,0
2788,0
2789,1
2790,0
2791,0
2792,0
2793,0
2794,0
2795,0
2796,0
2797,0
2798,0
2799,0
2800,0
2801,1
2802,0
2803,0
2804,0
2805,0
2806,0
2807,0
2808,0
2809,0
2810,0
2811,0
2812,0
2813,1
2814,0
2815,0
2816,0
2817,0
2818,0
2819,0
2820,0
2821,0
2822,1
2823,0
2824,0
2825,0
2826,0
2827,0
2828,0
2829,0
2830,0
2831,0
2832,0
2833,0
2834,0
2835,1
2836,0
2837,0
2838,0
2839,0
2840,0
2841,0
2842,0
2843,0
2844,0
2845,0
2846,1
2847,0
2848,0
2849,0
2850,0
2851,0
2852,0
2853,0
2854,0
2855,0
2856,0
2857,1
2858,0
2859,0
2860,0
2861,0
2862,0
2863,0
2864,0
2865,0
2866,0
2867,0
2868,0
2869,0
2870,0
2871,0
2872,0
2873,0
2874,0
2875,0
2876,0
2877,0
2878,0
2879,0
2880,0
2881,0
2882,1
2883,0
2884,0
2885,0
2886,0
2887,0
2888,0
2889,0
2890,0
2891,0
2892,0
2893,1
2894,0
2895,0
2896,0
2897,0
2898,0
2899,0
2900,0
2901,0
2902,0
2903,0
2904,0
2905,0
2906,1
2907,0
2908,0
2909,0
2910,0
2911,0
2912,0
2913,0
2914,0
2915,0
2916,0
2917,0
2918,0
2919,1
2920,0
2921,0
2922,0
2923,0
2924,0
2925,0
2926,0
2927,0
2928,0
2929,1
2930,0
2931,0
2932,0
2933,0
2934,0
2935,0
2936,0
2937,0
2938,0
2939,0
2940,0
2941,0
2942,0
2943,1
2944,0
2945,0
2946,0
2947,0
2948,1
2949,0
2950,0
2951,0
2952,0
2953,1
2954,1
2955,1
2956,1
2957,1
2958,1
2959,1
2960,1
2961,1
2962,1
2963,1
2964,1
2965,1
2966,1
2967,1
2968,1
2969,1
2970,1
2971,1
2972,1
2973,1
2974,1
2975,1
2976,1
2977,1
2978,1
2979,1
2980,1
2981,1
2982,1
2983,1
2984,1
2985,0
2986,0
2987,1
2988,1
2989,1
2990,1
2991,1
2992,1
2993,1
2994,1
2995,1
2996,1
2997,1
2998,1
2999,1
3000,1
3001,1
3002,1
3003,1
3004,1
3005,1
3006,1
3007,1
3008,0
3009,0
3010,0
3011,1
3012,1
3013,1
3014,1
3015,1
3016,1
3017,1
3018,1
3019,1
3020,1
3021,1
3022,1
3023,1
3024,1
3025,1
3026,1
3027,1
3028,1
3029,1
3030,1
3031,1
3032,1
3033,1
3034,1
3035,1
3036,1
3037,1
3038,1
3039,1
3040,1
3041,0
3042,1
3043,0
3044,1
3045,1
3046,1
3047,1
3048,1
3049,1
3050,1
3051,1
3052,1
3053,1
3054,0
3055,0
3056,0
3057,0
3058,0
3059,0
3060,1
3061,1
3062,1
3063,1
3064,1
3065,1
3066,1
3067,1
3068,0
3069,1
3070,1
3071,1
3072,1
3073,1
3074,1
3075,1
3076,1
3077,1
3078,1
3079,1
3080,1
3081,1
3082,1
3083,1
3084,1
3085,1
3086,1
3087,1
3088,1
3089,1
3090,1
3091,1
3092,1
3093,1
3094,1
3095,1
3096,0
3097,1
3098,1
3099,1
3100,1
3101,0
3102,1
3103,1
3104,1
3105,1
3106,1
3107,1
3108,0
3109,1
3110,0
3111,1
3112,1
3113,1
3114,1
3115,1
3116,1
3117,1
3118,1
3119,1
3120,1
3121,1
3122,1
3123,1
3124,1
3125,1
3126,0
3127,1
3128,1
3129,1
3130,1
3131,1
3132,1
3133,1
3134,1
3135,1
3136,1
3137,1
3138,1
3139,1
3140,0
3141,0
3142,1
3143,1
3144,1
3145,1
3146,1
3147,0
3148,1
3149,1
3150,1
3151,1
3152,1
3153,1
3154,1
3155,1
3156,1
3157,1
3158,1
3159,0
3160,1
3161,1
3162,1
3163,1
3164,1
3165,1
3166,1
3167,1
3168,1
3169,1
3170,1
3171,1
3172,1
3173,0
3174,1
3175,1
3176,1
3177,1
3178,1
3179,1
3180,1
3181,1
3182,1
3183,1
3184,1
3185,1
3186,1
3187,1
3188,1
3189,1
3190,1
3191,1
3192,1
3193,1
3194,1
3195,1
3196,1
3197,1
3198,1
3199,1
3200,1
3201,1
3202,1
3203,1
3204,1
3205,1
3206,1
3207,0
3208,0
3209,1
3210,1
3211,0
3212,1
3213,1
3214,1
3215,1
3216,1
3217,1
3218,1
3219,1
3220,1
3221,1
3222,1
3223,1
3224,1
3225,0
3226,0
3227,0
3228,1
3229,0
3230,0
3231,0
3232,0
3233,0
3234,0
3235,0
3236,0
3237,0
3238,0
3239,0
3240,1
3241,0
3242,0
3243,0
3244,0
3245,0
3246,0
3247,0
3248,0
3249,0
3250,0
3251,0
3252,1
3253,0
3254,0
3255,0
3256,0
3257,0
3258,0
3259,0
3260,0
3261,0
3262,0
3263,1
3264,1
3265,0
3266,0
3267,0
3268,0
3269,0
3270,0
3271,0
3272,0
3273,0
3274,0
3275,0
3276,1
3277,0
3278,0
3279,0
3280,0
3281,0
3282,0
3283,0
3284,0
3285,0
3286,0
3287,0
3288,1
3289,0
3290,0
3291,0
3292,0
3293,0
3294,0
3295,0
3296,0
3297,0
3298,0
3299,1
3300,0
3301,0
3302,0
3303,0
3304,0
3305,0
3306,0
3307,0
3308,0
3309,0
3310,1
3311,0
3312,0
3313,1
3314,1
3315,0
3316,0
3317,0
3318,0
3319,0
3320,0
3321,0
3322,0
3323,0
3324,0
3325,1
3326,0
3327,0
3328,0
3329,0
3330,0
3331,0
3332,0
3333,0
3334,0
3335,0
3336,0
3337,0
3338,1
3339,0
3340,0
3341,0
3342,0
3343,0
3344,0
3345,0
3346,0
3347,0
3348,0
3349,1
3350,0
3351,0
3352,0
3353,0
3354,0
3355,0
3356,0
3357,0
3358,0
3359,0
3360,0
3361,1
3362,0
3363,0
3364,0
3365,0
3366,0
3367,0
3368,0
3369,0
3370,0
3371,0
3372,0
3373,0
3374,0
3375,0
3376,0
3377,0
3378,0
3379,0
3380,0
3381,0
3382,0
3383,0
3384,0
3385,0
3386,1
3387,0
3388,0
3389,0
3390,0
3391,0
3392,0
3393,0
3394,0
3395,0
3396,0
3397,1
3398,0
3399,0
3400,0
3401,0
3402,0
3403,0
3404,0
3405,0
3406,0
3407,0
3408,0
3409,0
3410,1
3411,0
3412,0
3413,0
3414,0
3415,0
3416,0
3417,0
3418,0
3419,0
3420,0
3421,1
3422,1
3423,0
3424,0
3425,0
3426,0
3427,0
3428,0
3429,0
3430,0
3431,0
3432,0
3433,1
3434,0
3435,0
3436,0
3437,0
3438,0
3439,0
3440,0
3441,0
3442,0
3443,0
3444,0
3445,1
3446,0
3447,0
3448,0
3449,0
3450,0
3451,0
3452,0
3453,0
3454,0
3455,0
3456,1
3457,0
3458,0
3459,0
3460,0
3461,0
3462,0
3463,0
3464,0
3465,0
3466,0
3467,0
3468,0
3469,0
3470,0
3471,0
3472,0
3473,0
3474,0
3475,0
3476,0
3477,0
3478,0
3479,0
3480,1
3481,0
3482,0
3483,0
3484,0
3485,0
3486,0
3487,0
3488,0
3489,0
3490,0
3491,1
3492,0
3493,0
3494,0
3495,0
3496,0
3497,0
3498,0
3499,0
3500,0
3501,0
3502,0
3503,1
3504,0
3505,0
3506,0
3507,0
3508,0
3509,0
3510,0
3511,0
3512,0
3513,0
3514,0
3515,0
3516,0
3517,0
3518,0
3519,0
3520,1
3521,0
3522,0
3523,0
3524,0
3525,0
3526,0
3527,0
3528,1
3529,0
3530,0
3531,0
3532,0
3533,0
3534,0
3535,0
3536,0
3537,0
3538,0
3539,0
3540,1
3541,0
3542,1
3543,0
3544,0
3545,0
3546,0
3547,0
3548,0
3549,0
3550,0
3551,0
3552,0
3553,1
3554,0
3555,0
3556,0
3557,0
3558,0
3559,0
3560,0
3561,0
3562,0
3563,0
3564,0
3565,0
3566,0
3567,0
3568,0
3569,0
3570,0
3571,0
3572,1
3573,0
3574,0
3575,0
3576,0
3577,1
3578,0
3579,0
3580,1
3581,0
3582,0
3583,0
3584,0
3585,0
3586,0
3587,0
3588,0
3589,0
3590,0
3591,0
3592,0
3593,0
3594,0
3595,0
3596,0
3597,0
3598,0
3599,0
3600,0
3601,0
3602,0
3603,0
3604,0
3605,0
3606,0
3607,0
3608,0
3609,0
3610,0
3611,0
3612,0
3613,0
3614,0
3615,0
3616,0
3617,0
3618,0
3619,0
3620,1
3621,0
3622,0
3623,0
3624,0
3625,0
3626,0
3627,0
3628,0
3629,1
3630,0
3631,0
3632,1
3633,0
3634,0
3635,0
3636,0
3637,0
3638,0
3639,1
3640,0
3641,0
3642,0
3643,0
3644,1
3645,1
3646,0
3647,0
3648,0
3649,0
3650,0
3651,1
3652,1
3653,0
3654,0
3655,0
3656,1
3657,1
3658,0
3659,0
3660,0
3661,1
3662,0
3663,0
3664,1
3665,1
3666,0
3667,0
3668,1
3669,0
3670,1
3671,0
3672,0
3673,1
3674,0
3675,0
3676,0
3677,0
3678,0
3679,1
3680,1
3681,1
3682,1
3683,0
3684,1
3685,0
3686,0
3687,1
3688,0
3689,0
3690,0
3691,0
3692,0
3693,1
3694,0
3695,0
3696,0
3697,0
3698,1
3699,0
3700,0
3701,0
3702,0
3703,0
3704,0
3705,0
3706,0
3707,0
3708,0
3709,0
3710,0
3711,0
3712,0
3713,0
3714,0
3715,0
3716,0
3717,0
3718,0
3719,0
3720,0
3721,0
3722,1
3723,1
3724,1
3725,1
3726,1
3727,1
3728,1
3729,1
3730,1
3731,1
3732,1
3733,1
3734,0
3735,1
3736,1
3737,1
3738,1
3739,1
3740,1
3741,1
3742,1
3743,1
3744,1
3745,1
3746,1
3747,1
3748,1
3749,1
3750,1
3751,1
3752,1
3753,1
3754,1
3755,1
3756,0
3757,1
3758,1
3759,1
3760,1
3761,1
3762,1
3763,1
3764,1
3765,1
3766,1
3767,1
3768,1
3769,1
3770,1
3771,1
3772,1
3773,1
3774,1
3775,1
3776,1
3777,1
3778,1
3779,1
3780,0
3781,1
3782,1
3783,1
3784,1
3785,1
3786,1
3787,0
3788,0
3789,0
3790,0
3791,0
3792,0
3793,1
3794,0
3795,0
3796,0
3797,0
3798,0
3799,0
3800,0
3801,0
3802,0
3803,0
3804,0
3805,0
3806,0
3807,0
3808,0
3809,0
3810,0
3811,0
3812,0
3813,1
3814,0
3815,0
3816,0
3817,0
3818,0
3819,0
3820,0
3821,0
3822,0
3823,0
3824,0
3825,0
3826,0
3827,0
3828,0
3829,0
3830,0
3831,0
3832,0
3833,0
3834,0
3835,0
3836,0
3837,1
3838,0
3839,0
3840,0
3841,1
3842,1
3843,0
3844,0
3845,0
3846,0
3847,0
3848,0
3849,1
3850,0
3851,0
3852,0
3853,0
3854,0
3855,0
3856,1
3857,1
3858,0
3859,0
3860,1
3861,1
3862,1
3863,1
3864,0
3865,0
3866,1
3867,0
3868,0
3869,0
3870,0
3871,0
3872,0
3873,0
3874,0
3875,0
3876,0
3877,0
3878,1
3879,1
3880,0
3881,1
3882,1
3883,0
3884,1
3885,0
3886,0
3887,1
3888,0
3889,0
3890,0
3891,0
3892,0
3893,0
3894,0
3895,0
3896,0
3897,0
3898,0
3899,0
3900,0
3901,0
3902,0
3903,0
3904,0
3905,0
3906,0
3907,0
3908,0
3909,0
3910,0
3911,0
3912,0
3913,0
3914,0
3915,0
3916,0
3917,0
3918,0
3919,0
3920,0
3921,0
3922,0
3923,0
3924,0
3925,0
3926,0
3927,0
3928,0
3929,0
3930,0
3931,0
3932,0
3933,0
3934,0
3935,0
3936,0
3937,0
3938,0
3939,1
3940,0
3941,0
3942,0
3943,0
3944,0
3945,0
3946,1
3947,0
3948,0
3949,0
3950,0
3951,0
3952,0
3953,0
3954,0
3955,1
3956,1
3957,1
3958,0
3959,0
3960,0
3961,0
3962,1
3963,0
3964,1
3965,0
3966,1
3967,1
3968,0
3969,0
3970,0
3971,0
3972,0
3973,0
3974,0
3975,0
3976,0
3977,0
3978,0
3979,1
3980,0
3981,0
3982,1
3983,1
3984,0
3985,0
3986,0
3987,0
3988,1
3989,1
3990,0
3991,1
3992,0
3993,1
3994,0
3995,1
3996,0
3997,0
3998,0
3999,0
4000,0
4001,0
4002,0
4003,0
4004,1
4005,0
4006,1
4007,0
4008,1
4009,1
4010,0
4011,0
4012,0
4013,1
4014,1
4015,0
4016,0
4017,0
4018,0
4019,0
4020,0
4021,0
4022,0
4023,0
4024,0
4025,0
4026,0
4027,0
4028,0
4029,0
4030,0
4031,0
4032,0
4033,0
4034,0
4035,1
4036,0
4037,0
4038,0
4039,0
4040,1
4041,1
4042,1
4043,0
4044,1
4045,1
4046,1
4047,1
4048,1
4049,1
4050,1
4051,1
4052,1
4053,1
4054,1
4055,1
4056,1
4057,1
4058,1
4059,1
4060,1
4061,1
4062,1
4063,1
4064,1
4065,1
4066,1
4067,0
4068,1
4069,0
4070,0
4071,1
4072,1
4073,1
4074,1
4075,1
4076,1
4077,1
4078,1
4079,1
4080,1
4081,1
4082,1
4083,0
4084,0
4085,1
4086,0
4087,0
4088,1
4089,0
4090,0
4091,1
4092,0
4093,1
4094,0
4095,0
4096,1
4097,0
4098,0
4099,0
4100,0
4101,0
4102,0
4103,0
4104,1
4105,0
4106,0
4107,1
4108,1
4109,0
4110,0
4111,0
4112,0
4113,0
4114,1
4115,0
4116,0
4117,0
4118,1
4119,0
4120,0
4121,1
4122,0
4123,1
4124,1
4125,1
4126,0
4127,0
4128,0
4129,0
4130,0
4131,0
4132,0
4133,0
4134,0
4135,0
4136,0
4137,0
4138,0
4139,1
4140,0
4141,0
4142,0
4143,0
4144,1
4145,1
4146,0
4147,1
4148,0
4149,1
4150,0
4151,0
4152,0
4153,0
4154,1
4155,0
4156,1
4157,1
4158,0
4159,0
4160,1
4161,0
4162,0
4163,0
4164,0
4165,0
4166,0
4167,0
4168,0
4169,0
4170,0
4171,0
4172,0
4173,0
4174,0
4175,0
4176,0
4177,0
4178,0
4179,0
4180,0
4181,0
4182,0
4183,0
4184,0
4185,1
4186,0
4187,0
4188,1
4189,0
4190,1
4191,1
4192,1
4193,1
4194,1
4195,0
4196,1
4197,1
4198,1
4199,1
4200,0
4201,1
4202,0
4203,0
4204,1
4205,0
4206,1
4207,0
4208,1
4209,0
4210,0
4211,1
4212,1
4213,1
4214,0
4215,1
4216,0
4217,0
4218,0
4219,1
4220,0
4221,0
4222,0
4223,0
4224,0
4225,0
4226,0
4227,0
4228,0
4229,0
4230,0
4231,0
4232,1
4233,1
4234,1
4235,0
4236,0
4237,0
4238,1
4239,1
4240,0
4241,0
4242,1
4243,1
4244,0
4245,0
4246,0
4247,0
4248,0
4249,0
4250,0
4251,0
4252,1
4253,1
4254,0
4255,0
4256,0
4257,0
4258,0
4259,0
4260,1
4261,0
4262,0
4263,0
4264,0
4265,0
4266,0
4267,0
4268,0
4269,0
4270,0
4271,0
4272,0
4273,1
4274,0
4275,0
4276,0
4277,0
4278,1
4279,0
4280,0
4281,0
4282,0
4283,1
4284,0
4285,1
4286,0
4287,0
4288,0
4289,0
4290,0
4291,0
4292,1
4293,1
4294,0
4295,0
4296,0
4297,0
4298,1
4299,1
4300,0
4301,1
4302,0
4303,0
4304,0
4305,1
4306,1
4307,0
4308,1
4309,1
4310,0
4311,0
4312,0
4313,0
4314,1
4315,0
4316,1
4317,1
4318,1
4319,1
4320,1
4321,0
4322,0
4323,0
4324,0
4325,0
4326,1
4327,1
4328,0
4329,1
4330,1
4331,1
4332,1
4333,1
4334,0
4335,0
4336,0
4337,0
4338,0
4339,0
4340,0
4341,0
4342,0
4343,0
4344,0
4345,0
4346,0
4347,0
4348,1
4349,0
4350,1
4351,0
4352,1
4353,0
4354,0
4355,0
4356,0
4357,0
4358,0
4359,0
4360,0
4361,1
4362,1
4363,1
4364,1
4365,1
4366,1
4367,1
4368,1
4369,1
4370,1
4371,0
4372,0
4373,0
4374,0
4375,0
4376,0
4377,0
4378,0
4380,0
4381,0
4382,1
4383,0
4384,1
4385,0
4386,1
4387,0
4388,1
4389,0
4390,1
4391,0
4392,1
4393,0
4394,1
4395,0
4396,1
4397,1
4398,1
4399,1
4400,1
4401,1
4402,1
4403,1
4404,1
4405,1
4406,1
4407,1
4408,1
4409,1
4410,1
4411,0
4412,0
4413,1
4414,1
4415,1
4416,1
4417,1
4418,1
4419,1
4420,0
4421,1
4422,1
4423,1
4424,1
4425,1
4426,1
4427,1
4428,1
4429,1
4430,0
4431,0
4432,1
4433,0
4434,0
4435,1
4436,0
4437,0
4438,0
4439,1
4440,1
4441,0
4442,0
4443,1
4444,0
4445,0
4446,1
4447,0
4448,0
4449,1
4450,0
4451,0
4452,1
4453,0
4454,0
4455,1
4456,0
4457,0
4458,1
4459,0
4460,0
4461,1
4462,0
4463,1
4464,0
4465,0
4466,1
4467,0
4468,0
4469,0
4470,1
4471,0
4472,0
4473,1
4474,0
4475,0
4476,1
4477,0
4478,0
4479,0
4480,0
4481,1
4482,0
4483,0
4484,0
4485,0
4486,0
4487,1
4488,0
4489,0
4490,1
4491,0
4492,0
4493,0
4494,0
4495,0
4496,0
4497,1
4498,1
4499,1
4500,0
4501,1
4502,0
4503,0
4504,0
4505,0
4506,0
4507,1
4508,1
4509,1
4510,1
4511,0
4512,0
4513,0
4514,0
4515,1
4516,1
4517,0
4518,1
4519,1
4520,1
4521,1
4522,1
4523,1
4524,1
4525,1
4526,1
4527,1
4528,0
4529,0
4530,1
4531,1
4532,1
4533,0
4534,1
4535,0
4536,1
4537,1
4538,1
4539,0
4540,0
4541,1
4542,1
4543,1
4544,0
4545,1
4546,0
4547,0
4548,1
4549,0
4550,0
4551,1
4552,0
4553,0
4554,1
4555,0
4556,0
4557,0
4558,0
4559,1
4560,0
4561,0
4562,1
4563,0
4564,0
4565,1
4566,0
4567,0
4568,1
4569,0
4570,1
4571,0
4572,0
4573,1
4574,0
4575,0
4576,1
4577,0
4578,0
4579,1
4580,0
4581,0
4582,1
4583,0
4584,1
4585,0
4586,1
4587,0
4588,0
4589,1
4590,0
4591,0
4592,0
4593,0
4594,1
4595,0
4596,0
4597,0
4598,0
4599,0
4600,0
4601,1
4602,0
4603,0
4604,1
4605,0
4606,0
4607,1
4608,0
4609,0
4610,1
4611,0
4612,0
4613,0
4614,1
4615,0
4616,0
4617,0
4618,0
4619,0
4620,0
4621,0
4622,1
4623,0
4624,0
4625,0
4626,0
4627,0
4628,1
4629,0
4630,1
4631,0
4632,1
4633,1
4634,0
4635,0
4636,0
4637,0
4638,0
4639,0
4640,0
4641,0
4642,0
4643,0
4644,0
4645,0
4646,0
4647,0
4648,1
4649,0
4650,0
4651,1
4652,0
4653,0
4658,0
4659,0
4660,1
4661,0
4662,0
4663,0
4664,1
4665,0
4666,0
4667,0
4668,0
4669,0
4670,0
4671,0
4672,0
4673,0
4674,0
4675,0
4676,0
4677,0
4678,0
4679,0
4680,0
4681,0
4682,0
4683,0
4684,0
4685,0
4686,0
4687,0
4688,0
4689,0
4690,0
4691,0
4692,0
4693,0
4694,1
4695,0
4696,0
4697,0
4698,0
4699,0
4700,0
4701,0
4702,0
4703,0
4704,0
4705,0
4706,1
4707,1
4708,1
4709,0
4710,0
4711,1
4712,1
4713,1
4714,1
4715,0
4716,0
4717,1
4718,0
4719,0
4720,1
4721,1
4722,1
4723,1
4724,1
4725,1
4726,1
4727,0
4728,1
4729,1
4730,1
4731,1
4732,1
4733,1
4734,0
4735,1
4736,0
4737,1
4738,1
4739,1
4740,1
4741,0
4742,0
4743,0
4744,1
4745,1
4746,1
4747,0
4748,1
4749,0
4750,1
4751,0
4752,1
4753,1
4754,1
4755,1
4756,1
4757,1
4758,1
4759,1
4760,1
4761,1
4762,1
4763,1
4764,1
4765,1
4766,0
4767,0
4768,1
4769,1
4770,1
4771,1
4772,0
4773,1
4774,1
4775,1
4776,1
4777,1
4778,1
4779,0
4780,0
4781,1
4782,1
4783,1
4784,1
4785,1
4786,0
4787,1
4788,1
4789,1
4790,1
4791,1
4792,1
4793,1
4794,0
4795,1
4796,1
4797,1
4798,1
4799,1
4800,1
4801,1
4802,1
4803,0
4804,1
4805,1
4806,0
4807,1
4808,1
4809,1
4810,1
4811,1
4812,1
4813,0
4814,1
4815,1
4816,1
4817,1
4818,1
4819,1
4820,0
4821,1
4822,1
4823,1
4824,1
4825,1
4826,1
4827,1
4828,1
4829,1
4830,1
4831,1
4832,1
4833,0
4834,1
4835,0
4836,1
4837,0
4838,0
4839,1
4840,0
4842,0
4844,0
4845,0
4846,0
4847,0
4848,0
4849,0
4850,0
4851,0
4852,0
4853,0
4854,0
4855,0
4856,0
4857,0
4858,0
4859,0
4860,0
4861,0
4862,0
4863,0
4864,0
4865,0
4866,0
4867,0
4868,0
4869,0
4870,0
4871,0
4872,1
4873,1
4874,1
4875,0
4876,1
4877,0
4878,0
4879,0
4880,1
4881,1
4882,0
4883,0
4884,0
4885,0
4886,0
4887,0
4888,0
4889,0
4890,0
4891,0
4892,0
4893,0
4894,0
4895,0
4896,0
4897,0
4898,1
4899,0
4900,0
4901,1
4902,1
4903,0
4904,0
4905,1
4906,0
4907,0
4908,1
4909,0
4910,0
4911,0
4912,0
4913,0
4914,0
4915,1
4916,0
4917,0
4918,0
4919,0
4920,0
4921,0
4922,1
4923,0
4924,0
4925,0
4926,0
4927,0
4928,0
4929,0
4930,1
4931,0
4932,1
4933,0
4934,0
4935,1
4936,0
4937,0
4938,0
4939,0
4940,0
4941,0
4942,1
4943,1
4944,0
4945,1
4946,0
4947,0
4948,0
4949,0
4950,0
4951,0
4952,0
4953,0
4954,1
4955,0
4956,1
4957,0
4958,0
4959,0
4960,0
4961,0
4962,0
4963,1
4964,1
4965,1
4966,0
4967,0
4968,0
4969,0
4970,1
4971,0
4972,0
4973,0
4974,0
4975,1
4976,0
4977,0
4978,1
4979,1
4980,1
4981,1
4982,1
4983,1
4984,1
4985,1
4986,1
4987,1
4988,1
4989,1
4990,1
4991,1
4992,1
4993,1
4994,1
4995,1
4996,1
4997,1
4998,1
4999,1
5000,1
5001,1
5002,0
5003,1
5004,1
5005,1
5006,1
5007,1
5008,1
5009,1
5010,1
5011,1
5012,0
5013,1
5014,1
5015,1
5016,1
5017,1
5018,1
5019,0
5020,0
5021,1
5022,0
5023,0
5024,1
5025,0
5026,0
5027,1
5028,0
5029,0
5030,1
5031,0
5032,0
5033,1
5034,0
5035,0
5036,1
5037,0
5038,0
5039,1
5040,0
5041,0
5042,1
5043,0
5044,0
5045,0
5046,1
5047,0
5048,0
5049,1
5050,0
5051,0
5052,0
5053,1
5054,0
5055,0
5056,1
5057,0
5058,0
5059,1
5060,0
5061,1
5062,0
5063,0
5064,1
5065,0
5066,0
5067,1
5068,0
5069,0
5070,1
5071,0
5072,0
5073,1
5074,0
5075,0
5076,0
5077,1
5078,0
5079,1
5080,1
5081,0
5082,1
5083,0
5084,0
5085,1
5086,0
5087,0
5088,1
5089,0
5090,0
5091,1
5092,0
5093,0
5094,0
5095,1
5096,0
5097,0
5098,1
5099,0
5100,0
5101,1
5102,0
5103,0
5104,1
5105,0
5106,1
5107,0
5108,0
5109,1
5110,0
5111,0
5112,1
5113,0
5114,0
5115,1
5116,0
5117,0
5118,1
5119,0
5120,0
5121,1
5122,0
5123,0
5124,0
5125,1
5126,0
5127,1
5128,1
5129,0
5130,1
5131,1
5132,0
5133,0
5134,0
5135,0
5136,0
5137,0
5138,0
5139,0
5140,0
5141,0
5142,0
5143,0
5144,0
5145,0
5146,0
5147,0
5148,1
5149,0
5150,0
5151,1
5152,1
5153,0
5154,0
5155,1
5156,0
5157,1
5158,0
5159,0
5160,0
5161,0
5162,0
5163,0
5164,0
5165,0
5166,0
5167,0
5168,0
5169,0
5170,0
5171,1
5172,1
5173,1
5174,0
5175,1
5176,0
5177,0
5178,0
5179,0
5180,1
5181,0
5182,0
5187,0
5188,0
5189,0
5190,0
5191,0
5192,0
5193,0
5194,0
5195,0
5196,0
5197,0
5198,0
5199,0
5200,0
5201,0
5202,1
5203,0
5204,1
5205,0
5206,0
5207,1
5208,0
5209,0
5210,0
5211,1
5212,0
5213,1
5214,0
5215,0
5216,0
5217,1
5218,0
5219,0
5220,0
5221,0
5222,0
5223,1
5224,1
5225,1
5226,1
5227,0
5228,1
5229,1
5230,0
5231,0
5232,0
5233,0
5234,0
5235,1
5236,0
5237,0
5238,0
5239,0
5240,1
5241,0
5242,0
5243,0
5244,0
5245,1
5246,0
5247,1
5248,0
5249,1
5250,1
5251,1
5252,0
5253,0
5254,0
5255,0
5256,0
5257,0
5258,0
5259,0
5260,0
5261,0
5262,1
5263,0
5264,0
5265,1
5266,1
5267,1
5268,0
5269,1
5270,0
5271,0
5272,1
5273,0
5274,1
5275,1
5276,1
5277,1
5278,1
5279,1
5280,0
5281,0
5282,0
5283,1
5284,1
5285,1
5286,1
5287,0
5288,0
5289,0
5290,0
5291,0
5292,1
5293,1
5294,1
5295,0
5296,1
5297,0
5298,0
5300,1
5301,1
5302,0
5303,0
5304,1
5305,1
5306,1
5307,0
5308,1
5309,0
5313,1
5314,1
5315,0
5316,0
5317,1
5318,1
5319,1
5320,0
5321,1
5322,0
5324,1
5325,1
5326,1
5327,0
5328,0
5329,1
5330,0
5331,0
5332,0
5333,1
5334,1
5335,1
5336,0
5337,0
5338,0
5339,0
5340,0
5341,0
5342,0
5343,0
5344,0
5345,0
5346,0
5347,0
5348,1
5349,0
5350,0
5351,0
5352,0
5353,0
5354,0
5355,0
5356,0
5357,0
5358,0
5359,0
5360,0
5361,0
5362,0
5363,0
5364,0
5365,0
5366,0
5367,0
5368,0
5369,0
5370,1
5371,1
5372,1
5373,0
5374,0
5375,0
5376,1
5377,0
5378,0
5379,0
5380,0
5381,0
5382,0
5383,0
5384,0
5385,0
5386,0
5387,0
5388,0
5389,0
5390,0
5391,0
5392,0
5393,0
5394,0
5395,0
5396,0
5397,0
5398,0
5399,0
5400,0
5401,0
5402,0
5403,0
5404,0
5405,0
5406,0
5407,0
5408,0
5409,0
5410,1
5411,0
5412,0
5413,0
5414,0
5415,0
5416,0
5417,0
5418,0
5419,0
5420,0
5421,0
5422,0
5423,0
5424,0
5425,0
5426,0
5427,0
5428,0
5429,0
5430,0
5431,0
5432,0
5433,0
5434,1
5435,1
5436,1
5437,1
5438,0
5439,1
5440,1
5441,0
5442,0
5445,1
5446,1
5447,0
5448,1
5449,1
5450,1
5451,0
5452,1
5453,0
5454,0
5457,0
5458,0
5459,0
5460,0
5463,1
5464,1
5465,1
5466,1
5467,0
5468,0
5469,1
5470,0
5471,1
5472,0
5473,0
5474,0
5475,0
5476,1
5477,1
5478,1
5479,0
5480,1
5481,0
5482,1
5483,1
5484,1
5485,1
5486,1
5487,1
5488,1
5489,1
5490,1
5491,1
5492,1
5493,1
5494,1
5495,1
5496,1
5497,1
5498,1
5499,1
5500,1
5501,1
5502,1
5503,1
5504,1
5505,1
5506,1
5507,1
5508,1
5509,1
5510,1
5511,1
5512,1
5513,1
5514,0
5515,1
5516,1
5517,1
5518,1
5519,1
5520,0
5521,1
5522,1
5523,1
5524,1
5525,1
5526,1
5527,1
5528,1
5529,1
5530,1
5531,1
5532,1
5533,1
5534,1
5535,1
5536,1
5537,1
5538,1
5539,1
5540,1
5541,1
5542,1
5543,1
5544,1
5545,1
5546,1
5547,1
5548,1
5549,1
5550,1
5551,1
5552,1
5553,0
5554,1
5555,1
5556,1
5557,1
5558,1
5559,1
5560,1
5561,1
5562,1
5563,1
5564,1
5565,1
5566,1
5567,1
5568,1
5569,1
5570,1
5571,1
5572,1
5573,1
5574,1
5575,0
5576,1
5577,1
5578,1
5579,1
5580,1
5581,1
5582,1
5583,1
5584,1
5585,1
5586,1
5587,1
5588,1
5589,1
5590,1
5591,1
5592,1
5593,1
5594,1
5595,1
5596,1
5597,1
5598,1
5599,1
5600,1
5601,1
5602,0
5603,0
5604,1
5605,1
5606,1
5607,1
5608,0
5609,1
5610,0
5611,0
5612,1
5613,0
5614,1
5615,0
5616,1
5617,1
5618,0
5619,1
5620,0
5626,1
5627,0
5628,1
5629,0
5630,0
5631,0
5632,0
5633,1
5634,1
5635,1
5636,0
5637,0
5638,1
5639,1
5640,0
5641,1
5642,0
5643,0
5644,0
5645,0
5646,1
5647,1
5648,1
5649,0
5650,1
5651,1
5652,0
5653,1
5654,1
5655,0
5656,1
5657,0
5658,0
5659,0
5660,0
5661,0
5662,0
5663,0
5664,1
5665,0
5666,0
5667,1
5668,1
5669,0
5670,1
5671,0
5672,0
5673,0
5674,0
5675,0
5676,0
5677,0
5678,1
5679,1
5680,1
5681,0
5682,1
5683,1
5684,1
5685,0
5686,1
5687,1
5688,0
5689,1
5690,1
5691,1
5692,0
5693,1
5694,0
5695,1
5696,0
5697,0
5698,1
5699,1
5700,0
5701,1
5702,0
5703,0
5704,0
5705,0
5706,0
5707,0
5708,0
5709,1
5710,1
5711,1
5712,0
5713,1
5714,1
5715,1
5716,1
5717,1
5718,1
5719,1
5720,1
5721,1
5722,1
5723,1
5724,1
5725,1
5726,1
5727,1
5728,1
5729,1
5730,1
5731,1
5732,1
5733,1
5734,1
5735,1
5736,1
5737,1
5738,1
5739,1
5740,1
5741,1
5742,1
5743,1
5744,1
5745,1
5746,0
5747,1
5748,1
5749,1
5750,1
5751,1
5752,1
5753,1
5754,1
5755,1
5756,1
5757,1
5758,1
5759,1
5760,1
5761,1
5762,1
5763,1
5764,1
5765,1
5766,1
5767,1
5768,1
5769,1
5770,1
5771,0
5772,1
5773,1
5774,1
5775,1
5776,1
5777,1
5778,1
5779,1
5780,1
5781,1
5782,1
5783,1
5784,1
5785,1
5786,1
5787,1
5788,1
5789,1
5790,1
5791,1
5792,1
5793,1
5794,1
5795,1
5796,1
5797,1
5798,1
5799,1
5800,1
5801,1
5802,1
5803,1
5804,1
5805,1
5806,0
5807,1
5808,1
5809,1
5810,1
5811,1
5812,1
5813,1
5814,1
5815,1
5816,1
5817,1
5818,1
5819,1
5820,0
5821,0
5822,0
5823,1
5824,0
5825,0
5826,1
5827,0
5828,0
5829,1
5830,1
5831,1
5832,1
5833,1
5834,1
5835,1
5836,1
5837,1
5838,0
5839,1
5840,1
5841,1
5842,1
5843,1
5844,1
5845,1
5846,1
5847,1
5848,1
5849,1
5850,1
5851,1
5852,0
5853,0
5854,1
5855,1
5856,0
5857,0
5858,0
5859,1
5860,1
5861,1
5862,1
5863,1
5864,1
5865,1
5866,0
5867,0
5868,1
5869,1
5870,1
5871,1
5872,1
5873,1
5874,1
5875,1
5876,1
5877,1
5878,1
5879,1
5880,1
5881,1
5882,0
5883,0
5884,1
5885,0
5886,0
5887,0
5888,0
5889,0
5890,0
5891,0
5892,0
5893,0
5894,0
5895,0
5896,0
5897,0
5898,0
5899,0
5900,0
5901,0
5902,0
5903,0
5904,0
5905,0
5906,0
5907,0
5908,0
5909,0
5910,0
5911,0
5912,0
5913,0
5914,0
5915,0
5916,0
5917,0
5918,1
5919,1
5920,1
5921,0
5922,0
5923,1
5924,0
5925,1
5926,1
5927,1
5928,1
5929,1
5930,1
5931,1
5932,1
5933,1
5934,1
5935,1
5936,1
5937,1
5938,0
5939,1
5940,1
5941,1
5942,1
5943,1
5944,1
5945,1
5946,1
5947,1
5948,1
5949,0
5950,1
5951,1
5952,1
5953,0
5954,1
5955,1
5956,1
5957,1
5958,1
5959,1
5960,1
5961,1
5962,1
5963,0
5964,1
5965,0
5966,0
5967,0
5968,1
5969,0
5970,1
5971,0
5972,1
5973,1
5974,0
5975,1
5976,0
5977,0
5978,0
5979,0
5980,0
5981,1
5982,0
5983,0
5984,1
5985,1
5986,1
5987,1
5988,0
5989,1
5990,0
5991,0
5992,1
5993,0
5994,1
5995,0
5996,0
5997,0
5998,0
5999,1
6000,1
6001,1
6002,1
6003,1
6004,1
6005,1
6006,1
6007,1
6008,1
6009,1
6010,0
6011,1
6012,1
6013,1
6014,1
6015,0
6016,0
6017,1
6018,1
6019,0
6020,0
6021,1
6022,0
6023,1
6024,0
6025,1
6026,1
6027,0
6028,1
6029,0
6030,0
6031,0
6032,0
6033,0
6034,0
6035,0
6036,1
6037,0
6038,0
6039,1
6040,0
6041,0
6042,1
6043,0
6044,0
6045,1
6046,0
6047,0
6048,0
6049,1
6050,0
6051,1
6052,0
6053,0
6054,0
6055,1
6056,0
6057,0
6058,1
6059,0
6060,0
6061,0
6062,0
6063,0
6064,0
6065,0
6066,0
6067,1
6068,0
6069,1
6070,0
6071,0
6072,0
6073,0
6074,0
6075,0
6076,0
6077,0
6078,0
6079,0
6080,1
6081,1
6082,1
6083,0
6085,1
6086,1
6087,1
6088,1
6089,0
6090,1
6091,1
6092,1
6093,0
6094,1
6095,1
6096,0
6097,1
6098,1
6099,1
6100,1
6101,1
6102,1
6103,1
6104,1
6105,1
6106,0
6107,0
6108,1
6109,1
6110,1
6111,1
6112,1
6113,1
6114,1
6115,1
6116,1
6117,1
6118,1
6119,0
6120,1
6121,1
6122,1
6123,1
6124,1
6125,0
6126,1
6127,1
6128,1
6129,0
6130,0
6131,1
6132,1
6133,0
6134,1
6135,0
6136,0
6137,1
6138,1
6139,1
6140,0
6141,1
6142,1
6143,0
6144,1
6145,1
6146,0
6147,1
6148,1
6149,1
6150,1
6151,1
6152,1
6153,1
6154,1
6155,1
6156,1
6157,1
6158,1
6159,1
6160,1
6161,1
6162,1
6163,1
6164,0
6165,0
6166,1
6167,0
6168,1
6169,1
6170,1
6171,1
6172,0
6173,0
6174,0
6175,1
6176,0
6177,1
6178,1
6179,1
6180,1
6181,1
6182,1
6183,0
6184,1
6185,0
6186,1
6187,0
6188,1
6189,1
6190,0
6191,1
6192,0
6193,0
6194,0
6195,0
6196,0
6197,0
6198,1
6199,1
6200,1
6201,0
6202,1
6203,1
6204,0
6205,1
6206,0
6207,1
6208,0
6209,1
6210,0
6211,0
6212,0
6213,0
6214,0
6215,1
6216,1
6217,1
6218,1
6219,0
6220,1
6221,0
6222,1
6223,0
6224,1
6225,1
6226,0
6227,1
6228,0
6229,0
6230,0
6231,0
6232,0
6233,0
6234,1
6235,1
6236,1
6237,0
6238,1
6239,1
6240,1
6241,0
6242,0
6243,1
6244,0
6245,0
6246,0
6247,0
6248,0
6249,0
6250,0
6251,0
6252,0
6253,0
6254,0
6255,0
6256,0
6257,0
6258,1
6259,0
6260,0
6261,0
6262,0
6263,0
6264,1
6265,1
6266,0
6267,0
6268,0
6269,0
6270,0
6271,0
6272,0
6273,0
6274,0
6275,0
6276,0
6277,0
6278,0
6279,0
6280,0
6281,0
6282,0
6283,0
6284,0
6285,0
6286,0
6287,0
6288,0
6289,0
6290,0
6291,0
6292,1
6293,0
6294,0
6295,0
6296,0
6297,1
6298,1
6299,1
6300,0
6301,1
6302,0
6303,1
6304,1
6305,1
6306,1
6307,1
6308,1
6309,1
6310,0
6311,1
6312,1
6313,0
6314,0
6315,1
6316,0
6317,1
6318,0
6319,1
6320,1
6321,0
6322,0
6323,1
6324,0
6325,1
6326,0
6327,0
6328,0
6329,1
6330,1
6331,1
6332,0
6333,1
6334,1
6335,0
6336,0
6337,1
6338,1
6339,0
6340,0
6341,0
6342,0
6343,0
6344,0
6345,0
6346,0
6347,1
6348,1
6349,1
6350,1
6351,1
6352,1
6353,1
6354,1
6355,1
6356,1
6357,1
6358,1
6359,1
6360,1
6361,1
6362,1
6363,1
6364,0
6365,1
6366,1
6367,1
6368,1
6369,1
6370,1
6371,1
6372,1
6373,1
6374,1
6375,1
6376,1
6377,1
6378,1
6379,0
6380,1
6381,0
6382,0
6383,0
6384,0
6385,1
6386,0
6387,0
6388,0
6389,1
6390,0
6391,0
6392,0
6393,1
6394,0
6395,1
6396,1
6397,0
6398,0
6399,1
6400,0
6401,0
6402,0
6403,1
6404,0
6405,0
6406,0
6407,1
6408,1
6409,1
6410,1
6411,1
6412,1
6413,0
6414,0
6415,0
6416,0
6417,0
6418,0
6419,0
6420,0
6421,0
6422,0
6423,0
6424,0
6425,1
6426,1
6427,1
6428,1
6429,1
6430,1
6431,1
6432,1
6433,0
6434,0
6435,1
6436,1
6437,1
6438,1
6439,1
6440,1
6441,0
6442,1
6443,1
6444,1
6445,1
6446,1
6447,1
6448,1
6449,0
6450,0
6451,0
6452,1
6453,1
6454,0
6455,0
6456,0
6457,1
6458,1
6459,1
6460,1
6461,1
6462,0
6463,1
6464,1
6465,1
6466,1
6467,0
6468,1
6469,1
6470,1
6471,0
6472,0
6473,1
6474,1
6475,1
6476,1
6477,0
6478,1
6479,0
6480,0
6481,0
6482,0
6484,0
6485,0
6489,0
6490,0
6492,0
6493,0
6494,0
6495,0
6496,0
6497,0
6498,0
6499,0
6500,1
6501,0
6502,0
6503,0
6504,0
6505,0
6506,1
6507,0
6508,0
6509,0
6510,0
6511,0
6512,0
6513,0
6514,1
6515,1
6516,1
6517,1
6518,0
6519,1
6520,0
6521,0
6522,0
6523,0
6524,0
6526,1
6527,0
6528,1
6529,0
6530,0
6531,0
6532,1
6533,1
6534,1
6535,1
6536,1
6537,0
6538,1
6539,1
6540,0
6541,0
6544,0
6545,1
6546,0
6547,1
6548,1
6549,0
6550,1
6551,1
6552,0
6553,1
6554,1
6555,1
6556,1
6557,1
6558,1
6559,0
6560,1
6561,0
6562,0
6563,0
6564,0
6565,0
6566,0
6567,0
6568,0
6569,0
6570,0
6571,0
6572,0
6573,0
6574,0
6575,0
6576,0
6577,0
6578,0
6579,0
6580,0
6581,0
6582,0
6583,0
6584,0
6585,0
6586,0
6587,0
6588,0
6589,0
6590,0
6591,0
6592,0
6593,1
6594,1
6595,1
6596,1
6597,0
6598,1
6599,1
6600,0
6601,1
6602,0
6603,0
6604,0
6605,0
6606,0
6607,0
6608,0
6609,0
6610,0
6611,0
6612,0
6613,0
6614,0
6615,0
6616,0
6617,0
6620,0
6621,0
6622,0
6623,0
6624,0
6625,0
6628,0
6629,0
6630,0
6631,0
6632,0
6633,0
6634,0
6635,0
6636,0
6637,0
6638,0
6639,0
6640,0
6641,0
6642,0
6643,0
6644,0
6645,0
6646,0
6647,0
6648,0
6649,1
6650,0
6651,0
6652,0
6653,0
6654,0
6655,0
6656,0
6657,0
6658,0
6659,0
6660,0
6661,0
6662,0
6663,0
6664,0
6665,0
6666,0
6667,0
6668,0
6669,0
6670,0
6671,0
6672,0
6673,0
6674,0
6675,0
6676,0
6677,0
6678,0
6679,0
6680,0
6681,0
6682,0
6683,0
6684,0
6685,0
6686,0
6687,0
6688,0
6689,0
6690,0
6691,0
6692,0
6693,0
6694,0
6695,0
6696,0
6699,0
6700,0
6704,0
6705,1
6706,1
6707,1
6708,0
6709,1
6710,1
6711,1
6712,1
6713,0
6714,1
6715,0
6716,0
6717,0
6718,0
6719,0
6720,0
6721,0
6722,0
6723,0
6724,0
6725,1
6726,1
6727,1
6728,0
6729,1
6730,1
6731,1
6732,1
6733,1
6734,0
6735,1
6736,1
6737,0
6738,0
6739,1
6740,1
6741,1
6742,1
6743,1
6744,1
6745,1
6746,0
6747,1
6748,1
6749,0
6750,0
6751,1
6752,1
6753,1
6754,1
6755,1
6756,1
6757,1
6758,1
6759,1
6760,1
6761,1
6762,1
6763,1
6764,1
6765,1
6766,1
6767,1
6768,1
6769,1
6770,1
6771,1
6772,0
6773,1
6774,1
6775,1
6776,1
6777,1
6778,1
6779,1
6780,1
6781,1
6782,1
6783,1
6784,1
6785,1
6786,1
6787,1
6788,1
6789,1
6790,1
6791,1
6792,1
6793,1
6794,1
6795,1
6796,1
6797,1
6798,1
6799,1
6800,1
6801,1
6802,1
6803,1
6804,1
6805,0
6806,1
6807,0
6808,1
6809,1
6810,1
6811,1
6812,1
6813,1
6814,1
6815,1
6816,1
6817,1
6818,1
6819,1
6820,1
6821,1
6822,1
6823,1
6824,1
6825,1
6826,1
6827,1
6828,1
6829,1
6830,1
6831,1
6832,1
6833,1
6834,1
6835,1
6836,1
6837,1
6838,1
6839,1
6840,0
6841,1
6842,1
6843,1
6844,1
6845,1
6846,1
6847,1
6848,1
6849,1
6850,1
6851,0
6852,1
6853,1
6854,1
6855,1
6856,1
6857,1
6858,1
6859,1
6860,1
6861,1
6862,1
6863,1
6864,1
6865,1
6866,1
6867,1
6868,1
6869,1
6870,1
6871,1
6872,1
6873,1
6874,1
6875,1
6876,1
6877,1
6878,1
6879,1
6880,1
6881,1
6882,1
6883,1
6884,0
6885,1
6886,1
6887,1
6888,0
6889,0
6891,1
6892,0
6893,1
6894,0
6895,0
6896,1
6897,1
6898,1
6899,0
6900,1
6901,0
6902,1
6903,0
6904,1
6905,0
6906,0
6907,0
6908,0
6909,0
6910,0
6911,0
6912,0
6913,1
6914,1
6915,0
6916,0
6917,1
6918,1
6919,1
6920,0
6921,1
6922,0
6923,0
6924,0
6925,0
6926,0
6927,1
6928,1
6929,0
6930,1
6931,1
6932,0
6933,1
6934,0
6935,0
6936,0
6937,0
6938,0
6939,1
6940,0
6941,0
6942,1
6943,1
6944,1
6945,1
6946,0
6947,1
6948,0
6949,0
6950,0
6951,1
6952,1
6953,1
6954,1
6955,0
6956,1
6957,0
6958,0
6959,0
6960,0
6961,0
6963,0
6964,1
6965,1
6966,1
6967,0
6968,1
6969,0
6972,1
6973,0
6974,1
6975,1
6976,0
6977,1
6978,1
6979,0
6980,1
6981,0
6982,0
6983,0
6984,0
6985,0
6986,0
6987,0
6988,0
6989,0
6990,1
6991,0
6992,0
6993,1
6994,1
6995,0
6996,0
6997,1
6998,1
6999,1
7000,0
7001,1
7002,0
7003,1
7004,0
7005,0
7006,1
7007,1
7008,1
7009,0
7010,1
7011,0
7012,0
7013,0
7014,0
7015,1
7016,1
7017,1
7018,0
7019,1
7020,1
7021,1
7022,0
7023,1
7024,1
7025,1
7026,0
7027,1
7028,0
7029,1
7030,0
7031,0
7032,1
7033,1
7034,1
7035,1
7036,0
7037,0
7038,0
7039,1
7040,0
7041,1
7042,1
7043,1
7044,1
7045,1
7046,1
7047,1
7048,1
7049,1
7050,1
7051,1
7052,1
7053,1
7054,1
7055,1
7056,1
7057,1
7058,1
7059,1
7060,1
7061,1
7062,1
7063,1
7064,1
7065,1
7066,1
7067,1
7068,1
7069,1
7070,1
7071,1
7072,1
7073,0
7074,1
7075,1
7076,1
7077,1
7078,1
7079,1
7080,1
7081,1
7082,1
7083,0
7084,1
7085,1
7086,1
7087,1
7088,1
7089,1
7090,1
7091,1
7092,1
7093,1
7094,1
7095,1
7096,1
7097,1
7098,1
7099,1
7100,1
7101,1
7102,1
7103,1
7104,1
7105,1
7106,1
7107,1
7108,1
7109,1
7110,1
7111,1
7112,1
7113,1
7114,1
7115,1
7116,0
7117,1
7118,1
7119,1
7120,1
7121,0
7122,1
7123,0
7124,1
7125,1
7126,0
7127,1
7128,1
7129,0
7130,1
7131,0
7132,1
7133,0
7134,1
7135,1
7136,0
7137,0
7138,1
7139,0
7140,0
7141,0
7142,0
7143,0
7144,0
7145,0
7146,1
7147,1
7148,0
7149,1
7150,1
7151,0
7152,0
7153,0
7154,0
7155,1
7156,0
7157,1
7158,1
7159,0
7160,1
7161,0
7162,0
7163,0
7164,0
7165,0
7166,0
7167,0
7168,1
7169,1
7170,1
7171,0
7172,1
7173,1
7174,1
7175,1
7176,1
7177,1
7178,1
7179,1
7180,0
7181,1
7182,1
7183,1
7184,1
7185,0
7186,1
7187,0
7188,1
7189,1
7190,1
7191,1
7192,1
7193,1
7194,1
7195,1
7196,1
7197,1
7198,1
7199,1
7200,1
7201,1
7202,1
7203,1
7204,0
7205,1
7206,1
7207,1
7208,1
7209,1
7210,1
7211,1
7212,1
7213,1
7214,1
7215,1
7216,1
7217,1
7218,1
7219,1
7220,1
7221,1
7222,1
7223,1
7224,1
7225,1
7226,1
7227,1
7228,1
7229,1
7230,1
7231,1
7232,0
7233,1
7234,1
7235,1
7236,1
7237,1
7238,1
7239,1
7240,1
7241,1
7242,1
7243,1
7244,1
7245,1
7246,1
7247,1
7248,1
7249,1
7250,1
7251,1
7252,1
7253,1
7254,1
7255,1
7256,1
7257,1
7258,1
7259,1
7260,1
7261,1
7262,1
7263,1
7264,1
7265,1
7266,0
7267,1
7268,1
7269,1
7270,1
7271,1
7272,1
7273,1
7274,1
7275,1
7276,1
7277,1
7278,1
7279,1
7280,0
7281,1
7282,1
7283,1
7284,1
7285,1
7286,1
7287,1
7288,1
7289,1
7290,1
7291,1
7292,0
7293,0
7294,0
7295,1
7296,1
7297,0
7298,0
7299,1
7300,1
7301,1
7302,1
7303,1
7304,1
7305,0
7306,1
7307,1
7308,0
7309,0
7310,1
7311,0
7312,0
7313,0
7314,0
7315,0
7316,0
7317,0
7318,0
7319,0
7320,1
7321,1
7322,1
7323,0
7324,1
7325,1
7326,1
7327,1
7328,1
7329,1
7330,1
7331,0
7332,1
7333,1
7334,1
7335,1
7336,1
7337,1
7338,0
7339,1
7340,0
7341,1
7342,0
7343,0
7344,0
7345,0
7346,0
7347,1
7348,0
7349,0
7350,0
7351,0
7352,0
7353,0
7354,1
7355,1
7356,1
7357,0
7358,1
7359,1
7360,0
7361,1
7362,1
7363,1
7364,1
7365,1
7366,1
7367,1
7368,1
7369,1
7370,1
7371,1
7372,1
7373,1
7374,1
7375,1
7376,1
7377,1
7378,1
7379,0
7380,1
7381,1
7382,1
7383,0
7385,1
7386,0
7387,1
7388,1
7389,0
7390,1
7391,1
7392,0
7393,1
7394,0
7395,1
7396,0
7397,1
7398,1
7399,1
7400,0
7401,0
7402,0
7403,0
7404,0
7405,0
7406,0
7407,0
7408,0
7409,0
7410,0
7411,0
7412,0
7413,0
7414,0
7415,1
7416,1
7417,1
7418,0
7419,1
7420,1
7421,1
7422,0
7423,1
7424,0
7425,1
7426,1
7427,0
7428,1
7429,1
7430,0
7431,0
7432,1
7433,1
7434,0
7435,0
7436,0
7437,0
7438,0
7439,1
7440,1
7441,1
7442,0
7443,0
7444,1
7445,0
7446,1
7447,1
7448,0
7449,1
7450,1
7451,1
7452,0
7453,0
7454,1
7455,1
7456,0
7457,1
7458,1
7459,0
7460,0
7461,1
7462,0
7463,0
7464,0
7465,0
7466,0
7467,0
7468,0
7469,0
7470,0
7471,0
7472,0
7473,0
7474,0
7475,0
7476,0
7477,0
7478,0
7479,0
7480,0
7481,0
7482,0
7483,0
7484,0
7485,0
7486,0
7487,0
7488,0
7489,0
7490,0
7491,0
7492,0
7493,0
7494,0
7495,0
7496,0
7497,0
7498,0
7499,0
7500,0
7501,0
7502,0
7503,0
7504,0
7505,0
7506,0
7507,0
7508,0
7509,0
7510,0
7511,0
7512,0
7513,0
7514,0
7515,0
7516,0
7517,0
7518,0
7519,0
7520,0
7521,0
7522,0
7523,0
7524,0
7525,0
7526,1
7527,0
7528,0
7529,0
7530,0
7531,0
7532,0
7533,1
7534,0
7535,1
7536,0
7537,0
7538,0
7539,1
7540,1
7541,0
7542,0
7543,0
7544,0
7545,0
7546,0
7547,1
7548,0
7549,1
7550,1
7551,0
7552,0
7553,0
7554,1
7555,1
7556,1
7557,0
7558,1
7559,1
7560,0
7561,0
7562,1
7563,1
7564,1
7565,1
7566,1
7567,1
7568,1
7569,1
7570,1
7571,1
7572,1
7573,1
7574,1
7575,0
7576,1
7577,1
7578,1
7579,1
7580,1
7581,1
7582,1
7583,0
7584,1
7585,0
7586,0
7587,1
7588,0
7589,1
7590,1
7591,1
7592,0
7593,0
7594,1
7595,1
7596,1
7597,1
7598,0
7599,1
7600,0
7601,0
7602,0
7603,1
7604,0
7605,0
7606,0
7607,0
7608,0
7609,0
7610,0
7611,0
7612,0
7613,0
7614,0
7615,0
7616,0
7617,0
7618,0
7619,0
7620,0
7621,0
7622,0
7623,0
7624,1
7625,1
7626,0
7627,0
7628,0
7629,0
7630,0
7631,0
7632,0
7633,0
7634,0
7635,0
7636,0
7637,0
7638,0
7639,0
7640,0
7641,0
7642,0
7643,0
7644,0
7645,0
7646,1
7647,1
7648,1
7649,1
7650,0
7651,1
7652,1
7653,1
7654,0
7655,0
7656,0
7657,0
7658,0
7659,0
7660,0
7661,0
7662,0
7663,1
7664,0
7665,0
7666,0
7667,0
7668,0
7669,0
7670,0
7671,0
7672,0
7673,0
7674,0
7675,0
7676,0
7677,0
7678,0
7679,0
7680,1
7681,0
7682,0
7683,0
7684,0
7685,0
7686,0
7687,0
7688,1
7689,0
7690,1
7691,0
7692,0
7693,0
7694,1
7695,0
7696,1
7697,1
7698,1
7699,0
7700,0
7701,0
7702,0
7703,0
7704,0
7705,0
7706,0
7707,0
7708,0
7709,0
7710,0
7711,0
7712,0
7713,0
7714,0
7715,0
7716,0
7717,0
7718,0
7719,0
7720,0
7721,0
7722,0
7723,0
7724,0
7725,0
7726,0
7727,0
7728,0
7729,0
7730,0
7731,0
7732,0
7733,0
7734,0
7735,0
7736,0
7737,0
7738,0
7739,0
7740,0
7741,0
7742,0
7743,0
7744,0
7745,0
7746,0
7747,0
7748,0
7749,0
7750,0
7751,0
7752,0
7753,0
7754,0
7755,1
7756,0
7757,0
7758,0
7759,0
7760,0
7761,1
7762,1
7763,0
7764,0
7765,1
7766,0
7767,0
7768,0
7769,0
7770,1
7771,0
7772,1
7773,0
7774,0
7775,0
7776,1
7777,0
7778,1
7779,0
7780,0
7781,0
7782,0
7783,0
7784,0
7785,0
7786,0
7787,0
7788,0
7789,0
7790,1
7791,0
7792,0
7793,0
7794,0
7795,0
7796,0
7797,0
7798,0
7799,0
7800,0
7801,0
7802,1
7803,0
7804,0
7805,0
7806,0
7807,0
7808,0
7809,0
7810,0
7811,0
7812,0
7813,0
7814,0
7815,0
7816,0
7817,1
7818,0
7819,0
7820,0
7821,0
7822,0
7823,1
7824,1
7825,1
7826,1
7827,1
7828,1
7829,0
7830,1
7831,1
7832,1
7833,1
7834,1
7835,0
7836,1
7837,0
7838,0
7839,1
7840,0
7841,0
7842,1
7843,1
7844,0
7845,0
7846,1
7847,0
7848,1
7849,1
7850,1
7851,1
7852,0
7853,1
7854,1
7855,1
7856,1
7857,1
7858,0
7859,1
7860,1
7861,1
7862,0
7863,0
7864,0
7865,1
7866,1
7867,1
7868,1
7869,1
7870,0
7871,1
7872,1
7873,1
7874,0
7875,1
7876,1
7877,1
7878,1
7879,1
7880,1
7881,1
7882,1
7883,0
7884,1
7885,1
7886,1
7887,1
7888,0
7889,0
7890,1
7891,1
7892,0
7893,1
7894,0
7895,0
7896,1
7897,1
7898,1
7899,0
7900,1
7901,0
7902,1
7903,1
7904,1
7905,0
7906,1
7907,1
7908,1
7909,1
7910,1
7911,0
7912,1
7913,1
7914,1
7915,1
7916,0
7917,1
7918,1
7919,1
7920,0
7921,1
7922,1
7923,1
7924,1
7925,1
7926,1
7927,1
7928,0
7929,1
7930,1
7931,1
7932,1
7933,0
7934,1
7935,1
7936,1
7937,1
7938,1
7939,1
7940,1
7941,0
7942,0
7943,1
7944,1
7945,1
7946,1
7947,1
7948,1
7949,0
7950,1
7951,0
7952,1
7953,1
7954,1
7955,1
7956,0
7957,1
7958,1
7959,0
7960,1
7961,1
7962,1
7963,1
7964,1
7965,1
7966,1
7967,1
7968,0
7969,1
7970,1
7971,1
7972,1
7973,0
7974,0
7975,1
7976,0
7977,1
7978,0
7979,0
7980,0
7981,0
7982,0
7983,0
7984,0
7985,0
7986,1
7987,0
7988,1
7989,0
7990,0
7991,0
7992,0
7993,0
7996,0
7997,0
7998,0
7999,0
8000,0
8001,0
8002,0
8003,0
8005,0
8006,0
8007,0
8010,0
8013,0
8014,0
8015,0
8016,0
8017,0
8018,0
8019,0
8020,0
8021,0
8022,0
8023,0
8024,0
8025,1
8026,1
8027,0
8028,0
8029,1
8030,1
8031,1
8032,1
8033,0
8034,1
8035,0
8036,0
8037,0
8038,0
8039,0
8040,0
8041,0
8042,0
8043,0
8044,0
8045,0
8047,0
8048,0
8053,0
8054,0
8055,0
8056,0
8059,0